<?xml version="1.0" encoding="UTF-8" standalone="yes"?>
<app version="0.3">
	<name>BootMii Config Editor</name>
	<version>2.4</version>
        <release_date>200908092330</release_date>
	<coder>Pembo</coder>
	<short_description>Edit bootmii settings</short_description>
	<long_description>Allows you to modify the video, autoboot, and bootdelay options from the BootMii ini file (sd:/bootmii/bootmii.ini) directly on the wii.

You can change the following options:
- Video: NSTC/PAL50/PAL60/PROGRESSIVE
- Autoboot:  Off / System Menu / Homebrew Channel
- Boot Delay: Time in Seconds from 0 to 10

The application is console based and controlled via the wiimote d-pad or game cube pad.
Use UP/DOWN to move through menu items, left and right to change the options, and the A button to select the save/discard option.

Pressing HOME will open the settings menu where you can change the language, skin and enable/disable online update of the application.

For development information of BootMii configuration Editor
See http://www.pembo.co.uk

For more information about bootmii 
See http://www.bootmii.org
</long_description>
</app>
