<?xml version="1.0" encoding="UTF-8"?>
<!-- edited with XMLSpy v2007 (http://www.altova.com) by Dave (na) --> <languages>
<available> <language description="English" code="en" /> <language
description="Espanol" code="es" /> <language description="Francais"
code="fr" /> <language description="Italian" code="it" /> <language
description="Portugues" code="pt" /> </available> <settings> <selected
code="en" skin="win" /> <update check="1"
url="http://www.dpembo.ukfsn.org/BCE/release/bce_update.ver" /> <!-- ================================= Following is the list of colour number to use for the skins. ================================= BLACK 0 DARK_RED 1 DARK_GREEN 2 DARK_YELLOW 3 DARK_BLUE 4 DARK_MAGENTA 5 DARK_CYAN 6 GRAY 7 DARK_GRAY 10 RED 11 GREEN 12 YELLOW 13 BLUE 14 MAGENTA 15 CYAN 16 WHITE 17 -->
<user-interface> <skins> <skindetail id="win" name="Windows"
consolebgcolor="14" consoletextcolor="17" mainbgcolor="7"
maintextcolor="0" maintextcolor2="10" maintitlecolor="11"
maintitlelinecolor="0" mainselectedIndicatorcolor="11"
mainselectedOptioncolor="15" mainshadow="0" dialogbgcolor="10"
dialogtextcolor="17" dialogtextcolor2="17" dialogtitlecolor="17"
dialogtitlelinecolor="7" dialogselectedIndicatorcolor="11"
dialogselectedOptioncolor="13" dialogshadow="0" /> <skindetail
id="console" name="Console" consolebgcolor="0" consoletextcolor="17"
mainbgcolor="0" maintextcolor="17" maintextcolor2="12"
maintitlecolor="12" maintitlelinecolor="12"
mainselectedIndicatorcolor="11" mainselectedOptioncolor="15"
mainshadow="0" dialogbgcolor="7" dialogtextcolor="0" dialogtextcolor2="0"
dialogtitlecolor="0" dialogtitlelinecolor="0"
dialogselectedIndicatorcolor="11" dialogselectedOptioncolor="6"
dialogshadow="10" /> <skindetail id="consoleInv" name="Inverse Console"
consolebgcolor="17" consoletextcolor="9" mainbgcolor="17"
maintextcolor="0" maintextcolor2="2" maintitlecolor="2"
maintitlelinecolor="2" mainselectedIndicatorcolor="1"
mainselectedOptioncolor="5" mainshadow="17" dialogbgcolor="10"
dialogtextcolor="17" dialogtextcolor2="17" dialogtitlecolor="17"
dialogtitlelinecolor="17" dialogselectedIndicatorcolor="11"
dialogselectedOptioncolor="16" dialogshadow="0" /> </skins> </user-interface>
</settings> <language-strings> <!-- MAIN APPLICATION STRINGS --> <entry
code="mm1" en="Video" es="Modo de Video" fr="Mode Video"
it="Modalita Video" pt="Modo de Video" /> <entry code="mm2" en="Autoboot"
es="Inicio Automatico" fr="Boot Automatique" it="Avvio Automatico"
pt="Inicio Automatico" /> <entry code="mm3" en="Boot Delay (seconds)"
es="Tiempo de espera (Segundos)" fr="Delai de boot (Secondes)"
it="Tempo di attesa (Secondi)" pt="Tempo de espera (Segundos)" /> <entry
code="mm4" en="FUTURE USE" es="FUTURE USE" fr="FUTURE USE"
it="FUTURE USE" pt="FUTURE USE" /> <entry code="mm5"
en="Exit Saving Changes" es="Salir y guardar cambios"
fr="Quitter et sauvegarder les changements" it="Salva ed esci "
pt="Sair e guardar alteracoes" /> <entry code="mm6"
en="Exit Discarding Changes" es="Salir e ignorar cambios"
fr="Quitter et ignorer les changements" it="Esci senza salvare"
pt="Sair e ignorar alteracoes" /> <!-- SUCCESSFULLY UPDATE MESSAGES --> <entry
code="up1" en="Success" es="Acierto" fr="Succes" it="Successo"
pt="Sucesso" /> <entry code="up2" en="bootmii.ini updated successfully"
es="Archivo boot.ini actualizado correctamente"
fr="Mise a jour du bootmii.ini reussie"
it="bootmii.ini  aggiornato correttamente"
pt="Ficheiro boot.ini actualizado correctamente" /> <!-- ERRORS --> <entry
code="error" en="Error" es="Error" fr="Erreur" it="Errore" pt="Erro" /> <entry
code="err1_initFatErr" en="Unable to initialise FAT subsystem"
es="Unable to initialise FAT subsystem"
fr="Impossible d initialiser le sous-systeme FAT"
it="Impossibile inizializzare sottosistema FAT"
pt="Incapaz de inicializar subsistema FAT" /> <entry code="err2_rootFS"
en="Unable to open SD card" es="Unable to open SD card"
fr="Impossible d acceder a la carte SD" it="Impossibile accedere alla SD"
pt="Incapaz de abrir o cartao SD" /> <entry code="err3_noWrite"
en="Could not open bootmii.ini file for writing."
es="Could not open bootmii.ini file for writing."
fr="Impossible d ouvrir le fichier bootmii.ini pour l'ecriture."
it="Impossibile aprire bootmii.ini in scrittura."
pt="Nao consegui abrir o ficheiro bootmii.ini para escrever." /> <entry
code="err4_noExist" en="SD:/bootmii/bootmii.ini does not exist."
es="SD:/bootmii/bootmii.ini does not exist."
fr="Le fichier SD:/bootmii/bootmii.ini n existe pas"
it="SD:/bootmii/bootmii.ini non esiste."
pt="SD:/bootmii/bootmii.ini nao existe." /> <!-- SETTINGS --> <entry
code="setTitle" en="Settings" es="Ajustes" fr="Parametres"
it="Impostazioni" pt="Configuracao" /> <entry code="setLang"
en="Language" es="Lengua" fr="Langue" it="Lingua" pt="Lingua" /> <entry
code="setSkin" en="Skin" es="Piel" fr="Theme" it="Aspetto" pt="Tema" /> <entry
code="setSave" en="Save Changes" es="Guardar cambios"
fr="Sauvegarder les changements" it="Salva cambiamenti"
pt="Guardar alteracoes" /> <entry code="setCancel" en="Cancel Changes"
es="Ignorar cambios" fr="Ignorer les changements" it="Ignora cambiamenti"
pt="Ignorar alteracoes" /> <!-- VIDEO OPTIONS --> <entry
code="video_ntsc" en="NTSC" es="NTSC" fr="NTSC" it="NTSC" pt="NTSC" /> <entry
code="video_pal50" en="PAL 50" es="PAL 50" fr="PAL 50" it="PAL 50"
pt="PAL 50" /> <entry code="video_pal60" en="PAL 60" es="PAL 60"
fr="PAL 60" it="PAL 60" pt="PAL 60" /> <entry code="video_prog"
en="Progressive" es="Progresivo" fr="Progressif" it="Progressivo"
pt="Progressivo" /> <!-- AUTOBOOT OPTIIONS --> <entry code="autoboot_off"
en="Off" es="Desactivado " fr="Desactive" it="Disattivo" pt="Desactivado" />
<entry code="autoboot_hbc" en="Homebrew Channel" es="Canal Homebrew"
fr="Chaine Homebrew" it="Canale Homebrew" pt="Canal Homebrew" /> <entry
code="autoboot_sysm" en="System Menu" es="Menu del sistema"
fr="Menu Systeme" it="Menu di sistema" pt="Menu do sistema" /> </language-strings>
</languages>
