<?xml version="1.0" encoding="UTF-8" standalone="yes"?>
<app version="1">
  <name>Project M Launcher</name>
  <coder>N/A</coder>
  <version>N/A</version>
  <release_date>N/A</release_date>
  <short_description>Load Project M</short_description>
  <long_description>"Project M is a community-made mod of Brawl inspired by Super Smash Bros. Melee's gameplay designed to add rich, technical gameplay to a balanced cast of characters while additionally enhancing the speed of play. Project M employs new codes which seamlessly add in new, universal features to the entire cast to add technical variety to all characters.

Project M hopes to achieve a game similar to Super Smash Bros. Melee in many respects. It does not, however, intend to be a 1:1 Melee clone. The following is a list of the main aspects of Super Smash Bros. Melee that inspired and have carried over into Project M:

1). A fast-paced game with flowing, natural movement where the player has a great degree of control over his character due to the technical skill that he's achieved.
2). The balance of offense and defense changes depending on the exact matchup and playstyle, but overall tends to favor offense slightly.
3). Offstage edgeguarding is risky but rewarding, while on-stage edgeguarding is safer but less rewarding.
4). Recoveries generally require great skill to use, with the advantage usually being with the edgeguarding player, with some exceptions.
5). The combos are challenging and spontaneous, with anything longer than 2-3 hits requiring a knowledge of both characters' options and some degree of prediction and/or a deep understanding of the mental aspect of the game.

In short, Project M aims to capture the essence of what made Melee a truly great game in our eyes."

-The Project M Backroom
  </long_description>
</app>