<?xml version="1.0" encoding="UTF-8" standalone="yes"?>
  <app version="1">
    <name>Harmonium</name>
    <coder>MetaFight</coder>
    <version>v1 beta2</version>
    <release_date>200906110000</release_date>
    <short_description>A musical doodling tool... with a twist!</short_description>
    <long_description>Harmonium

Harmonium is, to put it plainly, a musical doodling tool. The user can manipulate notes on a 16x16 grid to create melodies within a pentatonic scale. On top of this already addictive concept, you can bring things to life by enabling Conway's Game of Life!

It's not the easiest thing to explain, so just try it!

It is important to mention, as well, that the concept behind Harmonium isn't my own. André Michelle has a very similar application on his website which served as Harmonium's inspiration. 

-- MetaFight
    </long_description>
  </app>