<?xml version="1.0" encoding="UTF-8" standalone="yes"?>
<app version="0.3">
	<name>BootMii Config Editor</name>
	<version>0.1b</version>
        <release_date>200906180000</release_date>
	<coder>Pembo</coder>
	<short_description>Edit bootmii settings</short_description>
	<long_description>Allows you to modify the video, autoboot, and bootdelay options from the BootMii ini file (sd:/bootmii/bootmii.ini) directly on the wii.

For more information about bootmii see http://www.bootmii.org</long_description>
</app>
