﻿<?xml version="1.0" encoding="utf-8" ?>
<hackdesc>
  <desc>
    <id>h1</id>
    <Fr>Prévient la suppression du Homebrew Channel, du DVDx et de la sauvegarde de Zelda (Twilight Hack)
qui a été introduit par le Système menu 4.2.
Ce hack n'existe pour cela que pour cette version de système menu.</Fr>
    <En>Prevents deletion of The Homebrew Channel, DVDX and Zelda savegames (Twilight Hack),
which was introduced in System Menu 4.2.
Therefore the hack is only existant for 4.2.</En>
  </desc>
  <desc>
    <id>h2</id>
    <Fr>Le jeu ne cherchera plus la version du system menu que vous possédez,
et donc ne nécessitera plus de mise à jour pour se lancer.
Utile pour rester en 3.2x, 4.1x or 4.2x et jouer aux jeux récents sans faire de mise à jour.</Fr>
    <En>A game will no longer check what version of the system menu you have installed.
Useful for staying on 3.2x, 4.1x or 4.2x and playing the most recent games without having to update.</En>
  </desc>
  <desc>
    <id>h3</id>
    <Fr>Empêche la mise à jour de la console par internet.
Créer une erreur de connexion internet lorsque le système menu
tente de se connecter aux serveurs de Nintendo.</Fr>
    <En>Disable online update.
Force a networking error when System menu try to connect to
Nintendo servers.</En>
  </desc>
  <desc>
    <id>h4</id>
    <Fr>Permet la copie de toutes les sauvegardes,
alors que certaines sont protégées par défaut.</Fr>
    <En>Allows you to copy any save file,
whereas some were protected by default.</En>
  </desc>
  <desc>
    <id>h5</id>
    <Fr>Permet de déplacer la chaîne disque comme n'importe quelle autres chaînes
en maintenant les boutons A+B. Elle n'est plus collée dans le coin en haut à gauche.</Fr>
    <En>With this hack, you can move the disc channel around like any other channel
by holding A+B. It's no longer stuck in the top left.</En>
  </desc>
  <desc>
    <id>h6</id>
    <Fr>Désactive la musique de fond jouée par le system menu.</Fr>
    <En>Disables the soft background music the System Menu plays.</En>
  </desc>
  <desc>
    <id>h7</id>
    <Fr>Désactive tous les sons du system menu. Plus de musique de fond, ni de sons.</Fr>
    <En>Mutes the System Menu completely. No background music or sounds.</En>
  </desc>
  <desc>
    <id>h8</id>
    <Fr>Désactive la musique des chaînes jouée par le system menu.</Fr>
    <En>Disables channel background music the System Menu plays</En>
  </desc>
  <desc>
    <id>h9</id>
    <Fr>Lance la console en mode Maintenance (Recovery Mode) lorsque vous
maintenez le bouton Haut du D-PAD d'une manette GC branchée sur le port 4.</Fr>
    <En>Launch Wii in Recovery mode when you hold Up on the D-PAD of a GC-Pad,
plugged in port 4.</En>
  </desc>
  <desc>
    <id>h10</id>
    <Fr>Force le mode de maintenance standard (Standard Recovery Mode).</Fr>
    <En>Force Standard Recovery Mode.</En>
  </desc>
  <desc>
    <id>h11</id>
    <Fr>Vous permet de lancer un jeu original depuis le mode maintenance.</Fr>
    <En>Allows you to boot a regular game through the recovery menu.</En>
  </desc>
  <desc>
    <id>h12</id>
    <Fr>N'affiche plus le message d'avertissement de santé, plus besoin d'appuyer sur A.
Vous arrivez donc plus rapidement à la page des chaînes.
    </Fr>
    <En>No longer displays black/white health warning screen, so no need to press A,
it will go straight to the channels screen. </En>
  </desc>
  <desc>
    <id>h13</id>
    <Fr>Recharge un IOS spécifique pour tous les jeux, peu importe l'IOS que le jeu utilise par défaut.
Avec ce hack, l'IOS249 est rechargé. Vous pouvez lancer un certain nombre de backups directement depuis la chaîne disque.</Fr>
    <En>Reloads a specific IOS for every game, no matter what IOS the game uses by default.
With this hack, reload IOS249. For some games, allow you to launch backup directly from Disc Channel.</En>
  </desc>
  <desc>
    <id>h14</id>
    <Fr>Supprime la vérification de la région intégrée aux jeux Wii. Ceci vous permet de jouer à des jeux imports</Fr>
    <En>Removes the integrated region check of Wii games. You'll be able to play imports this way.</En>
  </desc>
  <desc>
    <id>h15</id>
    <Fr>Supprime la vérification de la région intégrée aux jeux GameCube. Ceci vous permet de jouer à des jeux imports</Fr>
    <En>Removes the integrated region check for Gamecube games. You'll be able to play imports this way.</En>
  </desc>
  <desc>
    <id>h16</id>
    <Fr>Permet de lancer une chaîne d'une région différente de la région de la console. Par exemple, vous pouvez lancer des chaînes NTSC avec une Wii PAL.</Fr>
    <En>Allows you to boot channels from an outer region. So if you have a PAL Wii, you might be able to access NTSC channels installed.</En>
  </desc>
  <desc>
    <id>h17</id>
    <Fr>Cette option force le jeu à s'exécuter avec les paramètres par défaut de la console.
 Ainsi, les jeux NTSC ne s'afficheront pas en noir et blanc sur les TV PAL.</Fr>
    <En>This forces the game disc to run at the Wii's native settings. So NTSC games won't turn black and white on PAL TVs.</En>
  </desc>
  <desc>
    <id>h18</id>
    <Fr>Hack qui affiche un écran noir au démarrage du system menu (comme en cas de full brick). Bien sûr, n'activez pas ce hack, sauf si vous le voulez !</Fr>
    <En>Self explanatory, I guess this could be handy to lock your Wii so the kids and family can't break it!</En>
  </desc>
  <desc>
    <id>h19</id>
    <Fr>Lance la Wii en mode maintenance.
ATTENTION : Désactivez impérativement tous les autres hacks pour utiliser celui-ci.</Fr>
    <En>Launch Wii in Recovery mode.
ATTENTION : Disable all others hacks to use this one.</En>
  </desc>
  <desc>
    <id>h20</id>
    <Fr>Lance la console en mode Maintenance (Recovery Mode) lorsque vous
maintenez le bouton Droite du D-PAD d'une manette GC branchée sur le port 4.</Fr>
    <En>Launch Wii in Recovery mode when you hold Right on the D-PAD of a GC-Pad,
plugged in port 4.</En>
  </desc>
  <desc>
    <id>h21</id>
    <Fr>Permet de lancer un jeu directement au démarrage de la console en maintenant "Droite" d'un pad GC branché sur le port 4,
sans passer par le system menu. Permet en fait un accès rapide au jeu.</Fr>
    <En>Instead of the System Menu the game disc will be booted, when you hold Right on the D-PAD of a GC-Pad,
plugged in port 4. This allows fast access to the game inserted.</En>
  </desc>
  <desc>
    <id>h22</id>
    <Fr>Permet de lancer un jeu directement au démarrage de la console.
Contrairement au hack "Jeu autoboot (DROITE du pad GC sur le port 4)", vous n'avez aucune action à faire pour que le jeu se lance.</Fr>
    <En>Instead of the System Menu the game disc will be booted.
Contrary to "Autoboot Game press RIGHT on gc pad in 4th port" you don't need to press any button.</En>
  </desc>
  <desc>
    <id>h23</id>
    <Fr>Vous permet de lancer des chaîne d'une région différente depuis le menu de carte SD.</Fr>
    <En>Allows you to boot channels from outer region from the SD card menu.</En>
  </desc>
  <desc>
    <id>h24</id>
    <Fr>Vérifie la région des jeux Wii.</Fr>
    <En>Check region of Wii Discs games.</En>
  </desc>
  <desc>
    <id>h25</id>
    <Fr>Recharge un IOS spécifique pour tous les jeux, peu importe l'IOS que le jeu utilise par défaut.
Ici, l'IOS55 est rechargé.</Fr>
    <En>Reloads a specific IOS for every game, no matter what IOS the game uses by default.
Here, reload IOS55.</En>
  </desc>
  <desc>
    <id>h26</id>
    <Fr>Désactive la vérification de la région pour tous : jeux Wii, jeux GC ou chaînes.</Fr>
    <En>Removes the integrated region check for all kind of things : Wii games, GC games or Channels.</En>
  </desc>
  <desc>
    <id>h27</id>
    <Fr>Hack qui empêche l'exécution de toutes les chaînes. Bien sûr, n'activez pas ce hack, sauf si vous le voulez !</Fr>
    <En>Hack prohibits starting any channel. I guess this could be handy to lock your Wii so the kids and family can't break it!</En>
  </desc>
  <desc>
    <id>h28</id>
    <Fr>Hack qui affiche une erreur DSI au démarrage du system menu (comme en cas de full brick). Bien sûr, n'activez pas ce hack, sauf si vous le voulez !</Fr>
    <En>Self explanatory, I guess this could be handy to lock your Wii so the kids and family can't break it!</En>
  </desc>
  <desc>
    <id>h29</id>
    <Fr>Permet de lancer une chaîne, un jeu Wii ou GC d'une région différente de la région de la console. Par exemple, vous pouvez lancer des chaînes NTSC avec une Wii PAL.</Fr>
    <En>Allows you to boot channels, Wii or GC game from an outer region. So if you have a PAL Wii, you might be able to access NTSC channels installed.</En>
  </desc>
  <desc>
    <id>h30</id>
    <Fr>Hack qui force l'echec du test de connexion wifi.</Fr>
    <En>Force Wifi connection test failure.</En>
  </desc>
  <desc>
    <id>h31</id>
    <Fr>Hack qui bloque le démarrage du system menu sur l'écran d'avertissement santé. Bien sûr, n'activez pas ce hack, sauf si vous le voulez !</Fr>
    <En>Self explanatory, I guess this could be handy to lock your Wii so the kids and family can't break it!</En>
  </desc>
</hackdesc>
