﻿<?xml version="1.0" encoding="utf-8" ?>
<hacklist>
  <region>
    <versionR>USA</versionR>
    <sysmenu>
      <versionS>4.3</versionS>
      <numS>513</numS>
      <hack>
        <id>h12</id>
        <titre>Replace Health Screen with Backmenu</titre>
        <offset>0x816588D4</offset>
        <value>0x8140A3D0</value>
      </hack>
      <hack>
        <id>h12</id>
        <titre>Auto-Press A at Health Screen</titre>
        <offset>0x813BDC58</offset>
        <value>0x48000034</value>
      </hack>
      <hack>
        <id>h2</id>
        <titre>Block Disc Updates</titre>
        <offset>0x8137F76C,0x8137F770,0x8137F714,0x8137F718</offset>
        <value>0x60000000,0x60000000,0x60000000,0x60000000</value>
      </hack>
      <hack>
        <id>h3</id>
        <titre>Block Online Updates</titre>
        <offset>0x81691930</offset>
        <value>0x6E756C6C</value>
      </hack>
      <hack>
        <id>h6</id>
        <titre>No System Menu Background Music</titre>
        <offset>0x8136B3BC</offset>
        <value>0x4E800020</value>
      </hack>
      <hack>
        <id>h7</id>
        <titre>No System Menu Sounds at all</titre>
        <offset>0x8136B390</offset>
        <value>0x4E800020</value>
      </hack>
      <hack>
        <id>h5</id>
        <titre>Move Disc Channel</titre>
        <offset>0x813B030C</offset>
        <value>0x60000000</value>
      </hack>
      <hack>
        <id>h4</id>
        <titre>Remove NoCopy Save File Protection</titre>
        <offset>0x813C5D20,0x813C5D24,0x8134E288,0x8134E298,0x8134E29C,0x8134E2A0,0x8134E2A4,0x81353F84,0x815C3CE0</offset>
        <value>0x7C000000,0x4182001C,0x7C000000,0x801C0024,0x5400003C,0x901C0024,0x48000018,0x3BE00000,0x38600001</value>
      </hack>
      <hack>
        <id>h10</id>
        <titre>Recovery Mode (DISABLE below hack first)</titre>
        <offset>0x8137AE4C,0x81379A98</offset>
        <value>0x48000020,0x60000000</value>
      </hack>
      <hack>
        <id>h9</id>
        <titre>Recovery Mode (D-Pad Up 4th GC)</titre>
        <offset>0x8137AE64,0x81379A98</offset>
        <value>0x2C000002,0x60000000</value>
      </hack>
      <hack>
        <id>h29</id>
        <titre>Region Free EVERYTHING</titre>
        <offset>0x8137DA9C,0x8137DAA4,0x8137DAA8,0x8137DD60,0x8137DD80,0x8137E5D4,0x81380394,0x813B6FB8,0x8152F0A4,0x8152F58C,0x81532550</offset>
        <value>0x38000001,0x900DA5D8,0x38000032,0x38000001,0x4800001C,0x60000000,0x38600001,0x48000028,0x60000000,0x38000001,0x4E800020</value>
      </hack>
      <hack>
        <id>h1</id>
        <titre>No-Delete HAXX,JODI,DVDX,DISC,DISK,RZDx</titre>
        <offset>0x813345A0</offset>
        <value>0x60000000</value>
      </hack>
      <hack>
        <id>h30</id>
        <titre>Force Wifi Connection Test Failure</titre>
        <offset>0x81653580</offset>
        <value>0x746C642F</value>
      </hack>
      <hack>
        <id>h18</id>
        <titre>Blackscreen at Wii System Menu startup!</titre>
        <offset>0x8137AE74</offset>
        <value>0x60000000</value>
      </hack>
      <hack>
        <id>h31</id>
        <titre>Freeze Wii at Healthscreen!</titre>
        <offset>0x8136B430</offset>
        <value>0x4E800020</value>
      </hack>
    </sysmenu>
    <sysmenu>
      <versionS>4.2</versionS>
      <numS>481</numS>
      <hack>
        <id>h1</id>
        <titre>Disable HAXX,DVDX,RZDx Checks</titre>
        <offset>0x813345A0</offset>
        <value>0x60000000</value>
      </hack>
      <hack>
        <id>h2</id>
        <titre>Block Disc Updates</titre>
        <offset>0x8137F5BC,0x8137F5C0,0x8137F564,0x8137F568,0x8137F4BC,0x8137F4C0</offset>
        <value>0x60000000,0x60000000,0x60000000,0x60000000,0x60000000,0x60000000</value>
      </hack>
      <hack>
        <id>h3</id>
        <titre>Block Online Updates</titre>
        <offset>0x8168FDB0</offset>
        <value>0x6E756C6C</value>
      </hack>
      <hack>
        <id>h4</id>
        <titre>Remove NoCopy Save File Protection</titre>
        <offset>0x813C55EC,0x813C55F0,0x8134E260,0x815C2624,0x81353F5C,0x8134E270,0x8134E274,0x8134E278,0x8134E27C</offset>
        <value>0x7C000000,0x4182001C,0x7C000000,0x38600001,0x3BE00000,0x801C0024,0x5400003C,0x901C0024,0x48000018</value>
      </hack>
      <hack>
        <id>h5</id>
        <titre>Move Disc Channel</titre>
        <offset>0x813AFC00</offset>
        <value>0x60000000</value>
      </hack>
      <hack>
        <id>h6</id>
        <titre>No System Menu Background Music</titre>
        <offset>0x8136B224</offset>
        <value>0x4E800020</value>
      </hack>
      <hack>
        <id>h7</id>
        <titre>No System Menu Sounds at all</titre>
        <offset>0x8136B1F8</offset>
        <value>0x4E800020</value>
      </hack>
      <hack>
        <id>h8</id>
        <titre>No System Menu Sounds (Channel BGM)</titre>
        <offset>0x8136B270</offset>
        <value>0x4E800020</value>
      </hack>
      <hack>
        <id>h9</id>
        <titre>Recovery Mode (D-Pad Up 4th GC)</titre>
        <offset>0x8137ACCC,0x81379900</offset>
        <value>0x2C000008,0x60000000</value>
      </hack>
      <hack>
        <id>h10</id>
        <titre>Force Standard Recovery Mode</titre>
        <offset>0x8137ACB4</offset>
        <value>0x48000020</value>
      </hack>
      <hack>
        <id>h11</id>
        <titre>Remove Diagnostic Disc Check</titre>
        <offset>0x81379900</offset>
        <value>0x60000000</value>
      </hack>
      <hack>
        <id>h12</id>
        <titre>Auto-Press A at Health Screen</titre>
        <offset>0x813BD524</offset>
        <value>0x48000034</value>
      </hack>
      <hack>
        <id>h12</id>
        <titre>Replace Health Screen with Backmenu</titre>
        <offset>0x81656FF4</offset>
        <value>0x81409C9C</value>
      </hack>
      <hack>
        <id>h13</id>
        <titre>Force Disc Games to run under IOS249</titre>
        <offset>0x8137BD7C,0x8137BD80</offset>
        <value>0x3B200001,0x3B0000F9</value>
      </hack>
      <hack>
        <id>h14</id>
        <titre>Region Free Wii Games</titre>
        <offset>0x8137DBE8,0x8137DBC8,0x8137D904,0x8137FC84,0x8137E43C</offset>
        <value>0x4800001C,0x38000001,0x38000001,0x38600001,0x60000000</value>
      </hack>
      <hack>
        <id>h15</id>
        <titre>Region Free GC Games (No VM Patch)</titre>
        <offset>0x8137D90C,0x8137D910</offset>
        <value>0x900DA5D8,0x38000032</value>
      </hack>
      <hack>
        <id>h16</id>
        <titre>Region Free Channels</titre>
        <offset>0x8152DA88,0x81530F34,0x8152DF70,0x813B68AC</offset>
        <value>0x60000000,0x4E800020,0x38000001,0x48000028</value>
      </hack>
      <hack>
        <id>h18</id>
        <titre>Blackscreen at Wii System Menu startup!</titre>
        <offset>0x8137ACDC</offset>
        <value>0x60000000</value>
      </hack>
    </sysmenu>
    <sysmenu>
      <versionS>4.1</versionS>
      <numS>449</numS>
      <hack>
        <id>h12</id>
        <titre>Replace Health Screen with Backmenu</titre>
        <offset>0x81656084</offset>
        <value>0x814093D4</value>
      </hack>
      <hack>
        <id>h12</id>
        <titre>Auto-Press A at Health Screen</titre>
        <offset>0x813BCCC0</offset>
        <value>0x48000034</value>
      </hack>
      <hack>
        <id>h2</id>
        <titre>Block Disc Updates</titre>
        <offset>0x8137EEA8,0x8137EEAC,0x8137EE50,0x8137EE54,0x8137EDA8,0x8137EDAC</offset>
        <value>0x60000000,0x60000000,0x60000000,0x60000000,0x60000000,0x60000000</value>
      </hack>
      <hack>
        <id>h6</id>
        <titre>No System Menu Background Music</titre>
        <offset>0x8136ADC4</offset>
        <value>0x4E800020</value>
      </hack>
      <hack>
        <id>h7</id>
        <titre>No System Menu sounds AT ALL</titre>
        <offset>0x8136AD98</offset>
        <value>0x4E800020</value>
      </hack>
      <hack>
        <id>h5</id>
        <titre>Move Disc Channel</titre>
        <offset>0x813AF484</offset>
        <value>0x60000000</value>
      </hack>
      <hack>
        <id>h4</id>
        <titre>Remove NoCopy Save File Protection</titre>
        <offset>0x813C4D88,0x813C4D8C,0x8134E1E0,0x815C1C70,0x81353DF0,0x8134E1F0,0x8134E1F4,0x8134E1F8,0x8134E1FC</offset>
        <value>0x7C000000,0x4182001C,0x7C000000,0x38600001,0x3BE00000,0x801C0024,0x5400003C,0x901C0024,0x48000018</value>
      </hack>
      <hack>
        <id>h13</id>
        <titre>Force Disc Games to run under IOS249</titre>
        <offset>0x8137B91C,0x8137B920</offset>
        <value>0x3B200001,0x3B0000F9</value>
      </hack>
      <hack>
        <id>h19</id>
        <titre>Recovery Mode (DISABLE below hack first)</titre>
        <offset>0x8137A854,0x813794A0</offset>
        <value>0x48000020,0x60000000</value>
      </hack>
      <hack>
        <id>h20</id>
        <titre>Recovery Mode (D-Pad RIGHT 4th GC)</titre>
        <offset>0x8137A86C,0x813794A0</offset>
        <value>0x2C000002,0x60000000</value>
      </hack>
      <hack>
        <id>h14</id>
        <titre>Region Free Wii Games</titre>
        <offset>0x8137D47C,0x8137D758,0x8137D738,0x8137D474,0x8137F508</offset>
        <value>0x60000000,0x4800001C,0x38000001,0x38000001,0x38600001</value>
      </hack>
      <hack>
        <id>h15</id>
        <titre>Region Free GC Games (no VM Patch)</titre>
        <offset>0x8137D47C,0x8137D480</offset>
        <value>0x900DA5D8,0x38000032</value>
      </hack>
      <hack>
        <id>h16</id>
        <titre>Region Free Channels</titre>
        <offset>0x8152D1C0,0x8153066C,0x8152D6A8,0x813B60F0</offset>
        <value>0x60000000,0x4E800020,0x38000001,0x48000028</value>
      </hack>
      <hack>
        <id>h17</id>
        <titre>Force Disc Region to Wii Region</titre>
        <offset>0x8137D758,0x8137D77C,0x8137D6B4,0x8137D6B8</offset>
        <value>0x4800001C,0x60000000,0x3C608000,0x936300CC</value>
      </hack>
      <hack>
        <id>h18</id>
        <titre>Blackscreen at Wii System Menu startup!</titre>
        <offset>0x8137A87C</offset>
        <value>0x60000000</value>
      </hack>
    </sysmenu>
    <sysmenu>
      <versionS>4.0</versionS>
      <numS>417</numS>
      <hack>
        <id>h12</id>
        <titre>Replace Health Screen with Backmenu</titre>
        <offset>0x81655F04</offset>
        <value>0x814092D4</value>
      </hack>
      <hack>
        <id>h16</id>
        <titre>Region free channels</titre>
        <offset>0x8152D580,0x813B5FF4</offset>
        <value>0x38000001,0x48000028</value>
      </hack>
      <hack>
        <id>h2</id>
        <titre>Skip disc update check</titre>
        <offset>0x8137ED54,0x8137ED58</offset>
        <value>0x60000000,0x60000000</value>
      </hack>
      <hack>
        <id>h11</id>
        <titre>Remove diagnostic disc check</titre>
        <offset>0x813793A4</offset>
        <value>0x60000000</value>
      </hack>
      <hack>
        <id>h21</id>
        <titre>Autoboot Game press RIGHT on gc pad in 4th port</titre>
        <offset>0x8137A770</offset>
        <value>0x2C000002</value>
      </hack>
      <hack>
        <id>h22</id>
        <titre>Disc autostart</titre>
        <offset>0x8137A758</offset>
        <value>0x48000020</value>
      </hack>
      <hack>
        <id>h4</id>
        <titre>Remove NoCopy Protection</titre>
        <offset>0x8134E1E0,0x8134E1F0,0x8134E1F4,0x8134E1F8,0x8134E1FC,0x81353DF8,0x813C4C88,0x813C4C8C,0x815C1B48</offset>
        <value>0x7C000000,0x801C0024,0x5400003C,0x901C0024,0x48000018,0x3BE00000,0x7C000000,0x4182001C,0x38600001</value>
      </hack>
      <hack>
        <id>h23</id>
        <titre>Region free channels from SD</titre>
        <offset>0x81530544</offset>
        <value>0x4E800020</value>
      </hack>
      <hack>
        <id>h14</id>
        <titre>Region free Wii games</titre>
        <offset>0x8137D378,0x8137D63C,0x8137F40C</offset>
        <value>0x38000001,0x38000001,0x38600001</value>
      </hack>
      <hack>
        <id>h17</id>
        <titre>Force Disc Region</titre>
        <offset>0x8137D65C,0x8137D680</offset>
        <value>0x4800001C,0x60000000</value>
      </hack>
      <hack>
        <id>h5</id>
        <titre>Move Disc Channel</titre>
        <offset>0x813AF388</offset>
        <value>0x60000000</value>
      </hack>
      <hack>
        <id>h6</id>
        <titre>No System Menu Background Music</titre>
        <offset>0x8136ACC8</offset>
        <value>0x4E800020</value>
      </hack>
    </sysmenu>
    <sysmenu>
      <versionS>3.2</versionS>
      <numS>289</numS>
      <hack>
        <id>h12</id>
        <titre>Replace Health Screen with Backmenuu</titre>
        <offset>0x81626428</offset>
        <value>0x813EACFC</value>
      </hack>
      <hack>
        <id>h14</id>
        <titre>Region free Wii games</titre>
        <offset>0x81379818,0x81377AC4</offset>
        <value>0x38600001,0x38000001</value>
      </hack>
      <hack>
        <id>h2</id>
        <titre>Skip disc update check</titre>
        <offset>0x813791A0,0x813791A4</offset>
        <value>0x60000000,0x60000000</value>
      </hack>
      <hack>
        <id>h17</id>
        <titre>Force Disc Region</titre>
        <offset>0x81377A70</offset>
        <value>0x3C608000</value>
      </hack>
      <hack>
        <id>h17</id>
        <titre>Force Disc Region 2</titre>
        <offset>0x81377A74</offset>
        <value>0x936300CC</value>
      </hack>
      <hack>
        <id>h15</id>
        <titre>Region free GC games with video mode patch</titre>
        <offset>0x81377838,0x8137783C</offset>
        <value>0x900DA5D8,0x38000032</value>
      </hack>
      <hack>
        <id>h11</id>
        <titre>Remove diagnostic disc check</titre>
        <offset>0x81373A34</offset>
        <value>0x60000000</value>
      </hack>
      <hack>
        <id>h6</id>
        <titre>No System Menu Background Music</titre>
        <offset>0x81365380</offset>
        <value>0x4E800020</value>
      </hack>
      <hack>
        <id>h16</id>
        <titre>Region free channels</titre>
        <offset>0x81506ECC,0x813AE7A0</offset>
        <value>0x38000001,0x48000028</value>
      </hack>
      <hack>
        <id>h4</id>
        <titre>Remove NoCopy protection</titre>
        <offset>0x813BD0F0,0x8134AA38,0x815992E8,0x81350370,0x8134AA48,0x8134AA4C,0x8134AA50,0x8134AA54</offset>
        <value>0x7C000000,0x7C000000,0x38600001,0x3BE00000,0x801D0024,0x5400003C,0x901D0024,0x48000018</value>
      </hack>
      <hack>
        <id>h5</id>
        <titre>Move Disc Channel</titre>
        <offset>0x813A7D88</offset>
        <value>0x60000000</value>
      </hack>
      <hack>
        <id>h24</id>
        <titre>Disc Area Check</titre>
        <offset>0x81377AE4,0x81377B08</offset>
        <value>0x4082001C,0x41820010</value>
      </hack>
      <hack>
        <id>h25</id>
        <titre>IOS Reload (to 55)</titre>
        <offset>0x81375D38,0x81375D3C</offset>
        <value>0x3B200001,0x3B000037</value>
      </hack>
    </sysmenu>
  </region>
  <region>
    <versionR>EUR</versionR>
    <sysmenu>
      <versionS>4.3</versionS>
      <numS>514</numS>
      <hack>
        <id>h12</id>
        <titre>Remplacer l'avert. sante par le menu</titre>
        <offset>0x81658B94</offset>
        <value>0x8140A4CC</value>
      </hack>
      <hack>
        <id>h12</id>
        <titre>Appui Auto sur A a l'avertissement sante</titre>
        <offset>0x813BDD54</offset>
        <value>0x48000034</value>
      </hack>
      <hack>
        <id>h2</id>
        <titre>Bloquer Mise a Jour des jeux</titre>
        <offset>0x8137F814,0x8137F818,0x8137F7BC,0x8137F7C0</offset>
        <value>0x60000000,0x60000000,0x60000000,0x60000000</value>
      </hack>
      <hack>
        <id>h3</id>
        <titre>Bloquer Mise a Jour en ligne</titre>
        <offset>0x81691BF0</offset>
        <value>0x6E756C6C</value>
      </hack>
      <hack>
        <id>h6</id>
        <titre>Desactiver la musique de fond</titre>
        <offset>0x8136B464</offset>
        <value>0x4E800020</value>
      </hack>
      <hack>
        <id>h7</id>
        <titre>Pas de son system menu du tout</titre>
        <offset>0x8136B438</offset>
        <value>0x4E800020</value>
      </hack>
      <hack>
        <id>h5</id>
        <titre>Deplacer la chaine disque</titre>
        <offset>0x813B0408</offset>
        <value>0x60000000</value>
      </hack>
      <hack>
        <id>h4</id>
        <titre>Desactiver protec. anti-copie sauvegarde</titre>
        <offset>0x813C5E1C,0x813C5E20,0x8134E2FC,0x8134E30C,0x8134E310,0x8134E314,0x8134E318,0x81353FF8,0x815C3DDC</offset>
        <value>0x7C000000,0x4182001C,0x7C000000,0x801C0024,0x5400003C,0x901C0024,0x48000018,0x3BE00000,0x38600001</value>
      </hack>
      <hack>
        <id>h10</id>
        <titre>Mode recuperation (DESACTIVER autres hacks)</titre>
        <offset>0x8137AEF4,0x81379B40</offset>
        <value>0x48000020,0x60000000</value>
      </hack>
      <hack>
        <id>h9</id>
        <titre>Mode recuperation (HAUT pad GC port 4)</titre>
        <offset>0x8137AF0C,0x81379B40</offset>
        <value>0x2C000002,0x60000000</value>
      </hack>
      <hack>
        <id>h29</id>
        <titre>Region Free EVERYTHING</titre>
        <offset>0x8137DB44,0x8137DB4C,0x8137DB50,0x8137DE08,0x8137DE28,0x8137E67C,0x8138043C,0x813B70B4,0x8152F1A0,0x8152F688,0x8153264C</offset>
        <value>0x38000001,0x900DA5D8,0x38000032,0x38000001,0x4800001C,0x60000000,0x38600001,0x48000028,0x60000000,0x38000001,0x4E800020</value>
      </hack>
      <hack>
        <id>h1</id>
        <titre>Desactiver verif. HAXX,JODI,DVDX,DISC,DISK,RZDx</titre>
        <offset>0x81334610</offset>
        <value>0x60000000</value>
      </hack>
      <hack>
        <id>h30</id>
        <titre>Forcer Echec Test Connexion Wifi</titre>
        <offset>0x81653840</offset>
        <value>0x746C642F</value>
      </hack>
      <hack>
        <id>h18</id>
        <titre>Ecran noir au chargement du sytem menu!</titre>
        <offset>0x8137AF1C</offset>
        <value>0x60000000</value>
      </hack>
      <hack>
        <id>h31</id>
        <titre>Blocage Wii sur ecran avertis. sante!</titre>
        <offset>0x8136B4D8</offset>
        <value>0x4E800020</value>
      </hack>
    </sysmenu>
    <sysmenu>
      <versionS>4.2</versionS>
      <numS>482</numS>
      <hack>
        <id>h1</id>
        <titre>Desactiver verif. HAXX,DVDX,RZDx</titre>
        <offset>0x81334610</offset>
        <value>0x60000000</value>
      </hack>
      <hack>
        <id>h2</id>
        <titre>Bloquer Mise a Jour des jeux</titre>
        <offset>0x8137F664,0x8137F668,0x8137F60C,0x8137F610,0x8137F564,0x8137F568</offset>
        <value>0x60000000,0x60000000,0x60000000,0x60000000,0x60000000,0x60000000</value>
      </hack>
      <hack>
        <id>h3</id>
        <titre>Bloquer Mise a Jour en ligne</titre>
        <offset>0x81690070</offset>
        <value>0x6E756C6C</value>
      </hack>
      <hack>
        <id>h4</id>
        <titre>Desactiver protec. anti-copie sauvegarde</titre>
        <offset>0x813C56E8,0x813C56EC,0x8134E2D4,0x815C2720,0x81353FD0,0x8134E2E4,0x8134E2E8,0x8134E2EC,0x8134E2F0</offset>
        <value>0x7C000000,0x4182001C,0x7C000000,0x38600001,0x3BE00000,0x801C0024,0x5400003C,0x901C0024,0x48000018</value>
      </hack>
      <hack>
        <id>h5</id>
        <titre>Deplacer la chaine disque</titre>
        <offset>0x813AFCFC</offset>
        <value>0x60000000</value>
      </hack>
      <hack>
        <id>h6</id>
        <titre>Desactiver la musique de fond</titre>
        <offset>0x8136B2CC</offset>
        <value>0x4E800020</value>
      </hack>
      <hack>
        <id>h7</id>
        <titre>Pas de son system menu du tout</titre>
        <offset>0x8136B318</offset>
        <value>0x4E800020</value>
      </hack>
      <hack>
        <id>h8</id>
        <titre>Pas de son system menu (chaine)</titre>
        <offset>0x8136B2A0</offset>
        <value>0x4E800020</value>
      </hack>
      <hack>
        <id>h9</id>
        <titre>Mode recuperation (HAUT pad GC port 4)</titre>
        <offset>0x8137AD74,0x813799A8</offset>
        <value>0x2C000008,0x60000000</value>
      </hack>
      <hack>
        <id>h10</id>
        <titre>Forcer Mode maintenance standard</titre>
        <offset>0x8137AD5C</offset>
        <value>0x48000020</value>
      </hack>
      <hack>
        <id>h11</id>
        <titre>Pas de verif. disque de diagnostic</titre>
        <offset>0x813799A8</offset>
        <value>0x60000000</value>
      </hack>
      <hack>
        <id>h12</id>
        <titre>Appui Auto sur A a l'avertissement sante</titre>
        <offset>0x813BD620</offset>
        <value>0x48000034</value>
      </hack>
      <hack>
        <id>h12</id>
        <titre>Remplacer l'avert. sante par le menu</titre>
        <offset>0x816572B4</offset>
        <value>0x81409D98</value>
      </hack>
      <hack>
        <id>h13</id>
        <titre>Forcer jeux a utiliser l'IOS249</titre>
        <offset>0x8137BE24,0x8137BE28</offset>
        <value>0x3B200001,0x3B0000F9</value>
      </hack>
      <hack>
        <id>h14</id>
        <titre>Desactiver la region des jeux Wii</titre>
        <offset>0x8137DC90,0x8137DC70,0x8137D9AC,0x8137FD2C,0x8137E4E4</offset>
        <value>0x4800001C,0x38000001,0x38000001,0x38600001,0x60000000</value>
      </hack>
      <hack>
        <id>h15</id>
        <titre>Desactiver region jeux GC (no VM Patch)</titre>
        <offset>0x8137D9B4,0x8137D9B8</offset>
        <value>0x900DA5D8,0x38000032</value>
      </hack>
      <hack>
        <id>h16</id>
        <titre>Desactiver la region des chaines</titre>
        <offset>0x8152DB84,0x81531030,0x8152E06C,0x813B69A8</offset>
        <value>0x60000000,0x4E800020,0x38000001,0x48000028</value>
      </hack>
      <hack>
        <id>h18</id>
        <titre>Ecran noir au chargement du sytem menu!</titre>
        <offset>0x8137AD84</offset>
        <value>0x60000000</value>
      </hack>
    </sysmenu>
    <sysmenu>
      <versionS>4.1</versionS>
      <numS>450</numS>
      <hack>
        <id>h12</id>
        <titre>Remplacer l'avert. sante par le menu</titre>
        <offset>0x81656344</offset>
        <value>0x814094D0</value>
      </hack>
      <hack>
        <id>h12</id>
        <titre>Appui Auto sur A a l'avertissement sante</titre>
        <offset>0x813BCDBC</offset>
        <value>0x48000034</value>
      </hack>
      <hack>
        <id>h2</id>
        <titre>Bloquer Mise a Jour des jeux</titre>
        <offset>0x8137EF50,0x8137EF54,0x8137EEF8,0x8137EEFC,0x8137EE50,0x8137EE54</offset>
        <value>0x60000000,0x60000000,0x60000000,0x60000000,0x60000000,0x60000000</value>
      </hack>
      <hack>
        <id>h6</id>
        <titre>Desactiver la musique de fond</titre>
        <offset>0x8136AE6C</offset>
        <value>0x4E800020</value>
      </hack>
      <hack>
        <id>h7</id>
        <titre>Pas de son system menu du tout</titre>
        <offset>0x8136AE40</offset>
        <value>0x4E800020</value>
      </hack>
      <hack>
        <id>h5</id>
        <titre>Deplacer la chaine disque</titre>
        <offset>0x813AF580</offset>
        <value>0x60000000</value>
      </hack>
      <hack>
        <id>h4</id>
        <titre>Desactiver protec. anti-copie sauvegarde</titre>
        <offset>0x813C4E84,0x813C4E88,0x8134E254,0x815C1D6C,0x81353E64,0x8134E264,0x8134E268,0x8134E26C,0x8134E270</offset>
        <value>0x7C000000,0x4182001C,0x7C000000,0x38600001,0x3BE00000,0x801C0024,0x5400003C,0x901C0024,0x48000018</value>
      </hack>
      <hack>
        <id>h13</id>
        <titre>Forcer jeux a utiliser l'IOS249</titre>
        <offset>0x8137B9C4,0x8137B9C8</offset>
        <value>0x3B200001,0x3B0000F9</value>
      </hack>
      <hack>
        <id>h19</id>
        <titre>Mode recuperation (Deselect autre hack!)</titre>
        <offset>0x8137A8FC,0x81379548</offset>
        <value>0x48000020,0x60000000</value>
      </hack>
      <hack>
        <id>h20</id>
        <titre>Mode recuperation (DROITE pad GC port 4)</titre>
        <offset>0x8137A914,0x81379548</offset>
        <value>0x2C000002,0x60000000</value>
      </hack>
      <hack>
        <id>h14</id>
        <titre>Desactiver la region des jeux Wii</titre>
        <offset>0x8137D524,0x8137D800,0x8137D7E0,0x8137D51C,0x8137F5B0</offset>
        <value>0x60000000,0x4800001C,0x38000001,0x38000001,0x38600001</value>
      </hack>
      <hack>
        <id>h15</id>
        <titre>Desactiver region jeux GC (no VM Patch)</titre>
        <offset>0x8137D524,0x8137D528</offset>
        <value>0x900DA5D8,0x38000032</value>
      </hack>
      <hack>
        <id>h16</id>
        <titre>Desactiver la region des chaines</titre>
        <offset>0x8152D2BC,0x81530768,0x8152D7A4,0x813B61EC</offset>
        <value>0x60000000,0x4E800020,0x38000001,0x48000028</value>
      </hack>
      <hack>
        <id>h17</id>
        <titre>Forcer Region Disque a Region Wii</titre>
        <offset>0x8137D800,0x8137D824,0x8137D75C,0x8137D760</offset>
        <value>0x4800001C,0x60000000,0x3C608000,0x936300CC</value>
      </hack>
      <hack>
        <id>h18</id>
        <titre>Ecran noir au chargement du sytem menu!</titre>
        <offset>0x8137A924</offset>
        <value>0x60000000</value>
      </hack>
    </sysmenu>
    <sysmenu>
      <versionS>4.0</versionS>
      <numS>418</numS>
      <hack>
        <id>h12</id>
        <titre>Remplacer l'avert. sante par le menu</titre>
        <offset>0x816561E4</offset>
        <value>0x814093D0</value>
      </hack>
      <hack>
        <id>h12</id>
        <titre>Appui Auto sur A a l'avertissement sante</titre>
        <offset>0x813BCCBC</offset>
        <value>0x48000034</value>
      </hack>
      <hack>
        <id>h2</id>
        <titre>Bloquer Mise a Jour des jeux</titre>
        <offset>0x8137EE54,0x8137EE58,0x8137EDFC,0x8137EE00,0x8137ED54,0x8137ED58</offset>
        <value>0x60000000,0x60000000,0x60000000,0x60000000,0x60000000,0x60000000</value>
      </hack>
      <hack>
        <id>h3</id>
        <titre>Bloquer Mise a Jour en ligne</titre>
        <offset>0x8168EF98</offset>
        <value>0x6E756C6C</value>
      </hack>
      <hack>
        <id>h7</id>
        <titre>Pas de son system menu du tout</titre>
        <offset>0x8136AD44</offset>
        <value>0x4E800020</value>
      </hack>
      <hack>
        <id>h6</id>
        <titre>Desactiver la musique de fond</titre>
        <offset>0x8136AD70</offset>
        <value>0x4E800020</value>
      </hack>
      <hack>
        <id>h5</id>
        <titre>Deplacer la chaine disque</titre>
        <offset>0x813AF484</offset>
        <value>0x60000000</value>
      </hack>
      <hack>
        <id>h25</id>
        <titre>Recharger l'IOS (l'ios 55)</titre>
        <offset>0x8137B8C8,0x8137B8CC</offset>
        <value>0x3B200001,0x3B000037</value>
      </hack>
      <hack>
        <id>h26</id>
        <titre>Desactiver la region DE TOUT</titre>
        <offset>0x8152D194,0x81530640,0x8152D67C,0x813B60F0,0x81530640,0x8137D428,0x8137D704,0x8137D6E4,0x8137D420,0x8137D6E4,0x8137F4B4,0x8137D428,0x8137D42C</offset>
        <value>0x60000000,0x4E800020,0x38000001,0x480000280x4E800020,0x60000000,0x4800001C,0x38000001,0x38000001,0x38000001,0x38600001,0x900DA5D8,0x38000032</value>
      </hack>
      <hack>
        <id>h11</id>
        <titre>Pas de verif. disque de diagnostic</titre>
        <offset>0x8137944C</offset>
        <value>0x60000000</value>
      </hack>
      <hack>
        <id>h20</id>
        <titre>Mode recuperation (DROITE pad GC port 4)</titre>
        <offset>0x8137A818,0x8137944C</offset>
        <value>0x2C000002,0x60000000</value>
      </hack>
      <hack>
        <id>h21</id>
        <titre>Demarrage auto disque si DROITE appuye</titre>
        <offset>0x8137A818</offset>
        <value>0x2C000002</value>
      </hack>
      <hack>
        <id>h22</id>
        <titre>Jeu Autoboot</titre>
        <offset>0x8137A800,0x8137944C</offset>
        <value>0x48000020,0x60000000</value>
      </hack>
      <hack>
        <id>h22</id>
        <titre>Demarrage auto du disque</titre>
        <offset>0x8137A800</offset>
        <value>0x48000020</value>
      </hack>
      <hack>
        <id>h17</id>
        <titre>Forcer la region du disque</titre>
        <offset>0x8137D704,0x8137D728,0x8137D660,0x8137D664</offset>
        <value>0x4800001C,0x60000000,0x3C608000,0x936300CC</value>
      </hack>
      <hack>
        <id>h4</id>
        <titre>Desactiver protec. anti-copie sauvegarde</titre>
        <offset>0x813C4D84,0x813C4D88,0x8134E254,0x815C1C44,0x81353E6C,0x8134E264,0x8134E268,0x8134E26C,0x8134E270</offset>
        <value>0x7C000000,0x4182001C,0x7C000000,0x38600001,0x3BE00000,0x801C0024,0x5400003C,0x901C0024,0x48000018</value>
      </hack>
      <hack>
        <id>h27</id>
        <titre>Erreur de chargement d'une chaine!</titre>
        <offset>0x8137D6E4,0x8137F4B4</offset>
        <value>0x38000001,0x38600001</value>
      </hack>
      <hack>
        <id>h18</id>
        <titre>Ecran noir au chargement du sytem menu!</titre>
        <offset>0x8137A828</offset>
        <value>0x60000000</value>
      </hack>
      <hack>
        <id>h28</id>
        <titre>Code d'erreur DSI chargement sytem menu!</titre>
        <offset>0x8137A7AC,0x8137A7B0,0x8137A7B4,0x8137A7B8,0x8137A7BC,0x8137A7C0,0x8137AC4,0x8137A7C8,0x8137A7CC,0x8137A7D0,0x8137A7D4,0x8137A7D8,0x8137A7DC,0x8137A7E0,0x8137A7E4</offset>
        <value>0x3C80CD00,0x80646404,0x80846408,0x74630800,0x40A20008,0x48000008,0x3AC0001,0x60000000,0x60000000,0x60000000,0x60000000,0x60000000,0x60000000,0x60000000,0x60000000</value>
      </hack>
    </sysmenu>
    <sysmenu>
      <versionS>3.2</versionS>
      <numS>290</numS>
      <hack>
        <id>h12</id>
        <titre>Remplacer l'avert. sante par le menu</titre>
        <offset>0x81626708</offset>
        <value>0x813EADF8</value>
      </hack>
      <hack>
        <id>h14</id>
        <titre>Desactiver la region des jeux Wii</titre>
        <offset>0x813798C0,0x81377B6C</offset>
        <value>0x38600001,0x38000001</value>
      </hack>
      <hack>
        <id>h2</id>
        <titre>Bloquer Mise a Jour des jeux</titre>
        <offset>0x813791F0,0x813791F4</offset>
        <value>0x60000000,0x60000000</value>
      </hack>
      <hack>
        <id>h17</id>
        <titre>Forcer la region du disque</titre>
        <offset>0x81377B18,0x81377B1C</offset>
        <value>0x3C608000,0x936300CC</value>
      </hack>
      <hack>
        <id>h17</id>
        <titre>Forcer la region du disque 2</titre>
        <offset>0x81377B8C,0x81377BB0</offset>
        <value>0x4800001C,0x60000000</value>
      </hack>
      <hack>
        <id>h15</id>
        <titre>Desactiver region jeux GC (+ VM Patch)</titre>
        <offset>0x813778E0,0x813778E4</offset>
        <value>0x900DA5D8,0x38000032</value>
      </hack>
      <hack>
        <id>h11</id>
        <titre>Pas de verif. disque de diagnostic</titre>
        <offset>0x81373ADC</offset>
        <value>0x60000000</value>
      </hack>
      <hack>
        <id>h6</id>
        <titre>Desactiver la musique de fond</titre>
        <offset>0x81365428</offset>
        <value>0x4E800020</value>
      </hack>
      <hack>
        <id>h16</id>
        <titre>Desactiver la region des chaines</titre>
        <offset>0x81506FC8,0x813AE89C</offset>
        <value>0x38000001,0x48000028</value>
      </hack>
      <hack>
        <id>h4</id>
        <titre>Desactiver protec. anti-copie sauvegarde</titre>
        <offset>0x813BD1EC,0x8134AAAC,0x815993E4,0x813503E4,0x8134AABC,0x8134AAC0,0x8134AAC4,0x8134AAC8</offset>
        <value>0x7C000000,0x7C000000,0x38600001,0x3BE00000,0x801D0024,0x5400003C,0x901D0024,0x48000018</value>
      </hack>
      <hack>
        <id>h5</id>
          <titre>Deplacer la chaine disque</titre>
        <offset>0x813A7E84</offset>
        <value>0x60000000</value>
      </hack>
      <hack>
        <id>h25</id>
        <titre>Recharger l'IOS (l'ios 55)</titre>
        <offset>0x81375DE0,0x81375DE4</offset>
        <value>0x3B200001,0x3B000037</value>
      </hack>
      <hack>
        <id>h3</id>
        <titre>Bloquer Mise a Jour en ligne</titre>
        <offset>0x8165EBF0</offset>
        <value>0x6E756C6C</value>
      </hack>
      <hack>
        <id>h2</id>
        <titre>Bloquer Mise a Jour des jeux</titre>
        <offset>0x81379248,0x8137924C,0x813791F0,0x813791F4,0x81379150,0x81379154</offset>
        <value>0x60000000,0x60000000,0x60000000,0x60000000,0x60000000,0x60000000</value>
      </hack>
    </sysmenu>
  </region>
  <region>
    <versionR>JPN</versionR>
    <sysmenu>
      <versionS>4.3</versionS>
      <numS>512</numS>
      <hack>
        <id>h12</id>
        <titre>Replace Health Screen with Backmenu</titre>
        <offset>0x816891B4</offset>
        <value>0x814096BC</value>
      </hack>
      <hack>
        <id>h12</id>
        <titre>Auto-Press A at Health Screen</titre>
        <offset>0x813BCF38</offset>
        <value>0x48000034</value>
      </hack>
      <hack>
        <id>h2</id>
        <titre>Block Disc Updates</titre>
        <offset>0x8137EC20,0x8137EC24,0x8137EBC8,0x8137EBCC</offset>
        <value>0x60000000,0x60000000,0x60000000,0x60000000</value>
      </hack>
      <hack>
        <id>h3</id>
        <titre>Block Online Updates</titre>
        <offset>0x816C1930</offset>
        <value>0x6E756C6C</value>
      </hack>
      <hack>
        <id>h6</id>
        <titre>No System Menu Background Music</titre>
        <offset>0x8136A870</offset>
        <value>0x4E800020</value>
      </hack>
      <hack>
        <id>h7</id>
        <titre>No System Menu Sounds at all</titre>
        <offset>0x8136A844</offset>
        <value>0x4E800020</value>
      </hack>
      <hack>
        <id>h5</id>
        <titre>Move Disc Channel</titre>
        <offset>0x813AF5F8</offset>
        <value>0x60000000</value>
      </hack>
      <hack>
        <id>h4</id>
        <titre>Remove NoCopy Save File Protection</titre>
        <offset>0x813C5070,0x813C5074,0x8134D768,0x8134D778,0x8134D77C,0x8134D780,0x8134D784,0x81353464,0x815ECC20</offset>
        <value>0x7C000000,0x4182001C,0x7C000000,0x801C0024,0x5400003C,0x901C0024,0x48000018,0x3BE00000,0x38600001</value>
      </hack>
      <hack>
        <id>h10</id>
        <titre>Recovery Mode (DISABLE below hack first)</titre>
        <offset>0x8137A300,0x81378F4C</offset>
        <value>0x48000020,0x60000000</value>
      </hack>
      <hack>
        <id>h9</id>
        <titre>Recovery Mode (D-Pad Up 4th GC)</titre>
        <offset>0x8137A318,0x81378F4C</offset>
        <value>0x2C000002,0x60000000</value>
      </hack>
      <hack>
        <id>h29</id>
        <titre>Region Free EVERYTHING</titre>
        <offset>0x8137CF50,0x8137CF58,0x8137CF5C,0x8137D214,0x8137D234,0x8137DA88,0x8137F848,0x813B62A4,0x81557FE4,0x815584CC,0x8155B490</offset>
        <value>0x38000001,0x900DA5D8,0x38000032,0x38000001,0x4800001C,0x60000000,0x38600001,0x48000028,0x60000000,0x38000001,0x4E800020</value>
      </hack>
      <hack>
        <id>h1</id>
        <titre>No-Delete HAXX,JODI,DVDX,DISC,DISK,RZDx</titre>
        <offset>0x81333A9C</offset>
        <value>0x60000000</value>
      </hack>
      <hack>
        <id>h30</id>
        <titre>Force Wifi Connection Test Failure</titre>
        <offset>0x81683E60</offset>
        <value>0x746C642F</value>
      </hack>  
      <hack>
        <id>h18</id>
        <titre>Blackscreen at Wii System Menu startup!</titre>
        <offset>0x8137A328</offset>
        <value>0x60000000</value>
      </hack>
      <hack>
        <id>h31</id>
        <titre>Freeze Wii at Healthscreen!</titre>
        <offset>0x8136A8E4</offset>
        <value>0x4E800020</value>
      </hack>
    </sysmenu>
    <sysmenu>
      <versionS>4.2</versionS>
      <numS>480</numS>
      <hack>
        <id>h1</id>
        <titre>Disable HAXX,DVDX,RZDx Checks</titre>
        <offset>0x81333A9C</offset>
        <value>0x60000000</value>
      </hack>
      <hack>
        <id>h2</id>
        <titre>Block Disc Updates</titre>
        <offset>0x8137EA70,0x8137EA74,0x8137EA18,0x8137EA1C,0x8137E970,0x8137E974</offset>
        <value>0x60000000,0x60000000,0x60000000,0x60000000,0x60000000,0x60000000</value>
      </hack>
      <hack>
        <id>h3</id>
        <titre>Block Online Updates</titre>
        <offset>0x816BFDB0</offset>
        <value>0x6E756C6C</value>
      </hack>
      <hack>
        <id>h4</id>
        <titre>Remove NoCopy Save File Protection</titre>
        <offset>0x813C493C,0x813C4940,0x8134D740,0x815EB564,0x8135400C,0x8134D750,0x8134D754,0x8134D758,0x8134D75C</offset>
        <value>0x7C000000,0x4182001C,0x7C000000,0x38600001,0x3BE00000,0x801C0024,0x5400003C,0x901C0024,0x48000018</value>
      </hack>
      <hack>
        <id>h5</id>
        <titre>Move Disc Channel</titre>
        <offset>0x813AEEEC</offset>
        <value>0x60000000</value>
      </hack>
      <hack>
        <id>h6</id>
        <titre>No System Menu Background Music</titre>
        <offset>0x8136A6D8</offset>
        <value>0x4E800020</value>
      </hack>
      <hack>
        <id>h7</id>
        <titre>No System Menu Sounds at all</titre>
        <offset>0x8136A6AC</offset>
        <value>0x4E800020</value>
      </hack>
      <hack>
        <id>h8</id>
        <titre>No System Menu Sounds (Channel BGM)</titre>
        <offset>0x8136A724</offset>
        <value>0x4E800020</value>
      </hack>
      <hack>
        <id>h9</id>
        <titre>Recovery Mode (D-Pad Up 4th GC)</titre>
        <offset>0x8137A180,0x81378DB4</offset>
        <value>0x2C000008,0x60000000</value>
      </hack>
      <hack>
        <id>h10</id>
        <titre>Force Standard Recovery Mode</titre>
        <offset>0x8137A168</offset>
        <value>0x48000020</value>
      </hack>
      <hack>
        <id>h11</id>
        <titre>Remove Diagnostic Disc Check</titre>
        <offset>0x81378DB4</offset>
        <value>0x60000000</value>
      </hack>
      <hack>
        <id>h12</id>
        <titre>Auto-Press A at Health Screen</titre>
        <offset>0x813BC804</offset>
        <value>0x48000034</value>
      </hack>
      <hack>
        <id>h12</id>
        <titre>Replace Health Screen with Backmenu</titre>
        <offset>0x816878D4</offset>
        <value>0x81408F88</value>
      </hack>
      <hack>
        <id>h13</id>
        <titre>Force Disc Games to run under IOS249</titre>
        <offset>0x8137B230,0x8137B234</offset>
        <value>0x3B200001,0x3B0000F9</value>
      </hack>
      <hack>
        <id>h14</id>
        <titre>Region Free Wii Games</titre>
        <offset>0x8137D09C,0x8137D07C,0x8137CDB8,0x8137F138,0x8137D8F0</offset>
        <value>0x4800001C,0x38000001,0x38000001,0x38600001,0x60000000</value>
      </hack>
      <hack>
        <id>h15</id>
        <titre>Region Free GC Games (No VM Patch)</titre>
        <offset>0x8137CDC0,0x8137CDC4</offset>
        <value>0x900DA5D8,0x38000032</value>
      </hack>
      <hack>
        <id>h16</id>
        <titre>Region Free Channels</titre>
        <offset>0x815569C8,0x81559E74,0x81556EB0,0x813B5B98</offset>
        <value>0x60000000,0x4E800020,0x38000001,0x48000028</value>
      </hack>
      <hack>
        <id>h18</id>
        <titre>Blackscreen at Wii System Menu startup!</titre>
        <offset>0x8137A190</offset>
        <value>0x60000000</value>
      </hack>
    </sysmenu>
    <sysmenu>
      <versionS>4.1</versionS>
      <numS>448</numS>
      <hack>
        <id>h12</id>
        <titre>Replace Health Screen with Backmenu</titre>
        <offset>0x81686934</offset>
        <value>0x814086BC</value>
      </hack>
      <hack>
        <id>h12</id>
        <titre>Auto-Press A at Health Screen</titre>
        <offset>0x813BBFA0</offset>
        <value>0x48000034</value>
      </hack>
      <hack>
        <id>h2</id>
        <titre>Block Disc Updates</titre>
        <offset>0x8137E35C,0x8137E360,0x8137E304,0x8137E308,0x8137E25C,0x8137E260</offset>
        <value>0x60000000,0x60000000,0x60000000,0x60000000,0x60000000,0x60000000</value>
      </hack>
      <hack>
        <id>h6</id>
        <titre>No System Menu Background Music</titre>
        <offset>0x8136A278</offset>
        <value>0x4E800020</value>
      </hack>
      <hack>
        <id>h7</id>
        <titre>No System Menu sounds AT ALL</titre>
        <offset>0x8136A24C</offset>
        <value>0x4E800020</value>
      </hack>
      <hack>
        <id>h5</id>
        <titre>Move Disc Channel</titre>
        <offset>0x813AE770</offset>
        <value>0x60000000</value>
      </hack>
      <hack>
        <id>h4</id>
        <titre>Remove NoCopy Save File Protection</titre>
        <offset>0x813C40D8,0x813C40DC,0x8134D6C0,0x815EABAC,0x81353E64,0x8134D6D0,0x8134D6D4,0x8134D6D8,0x8134D6DC</offset>
        <value>0x7C000000,0x4182001C,0x7C000000,0x38600001,0x3BE00000,0x801C0024,0x5400003C,0x901C0024,0x48000018</value>
      </hack>
      <hack>
        <id>h13</id>
        <titre>Force Disc Games to run under IOS249</titre>
        <offset>0x8137ADD0,0x8137ADD4</offset>
        <value>0x3B200001,0x3B0000F9</value>
      </hack>
      <hack>
        <id>h19</id>
        <titre>Recovery Mode (DISABLE below hack first)</titre>
        <offset>0x81379D08,0x81378954</offset>
        <value>0x48000020,0x60000000</value>
      </hack>
      <hack>
        <id>h20</id>
        <titre>Recovery Mode press RIGHT on gc pad 4P</titre>
        <offset>0x81379D20,0x81378954</offset>
        <value>0x2C000002,0x60000000</value>
      </hack>
      <hack>
        <id>h14</id>
        <titre>Region Free Wii Games</titre>
        <offset>0x8137C930,0x8137CC0C,0x8137CBEC,0x8137C928,0x8137E9BC</offset>
        <value>0x60000000,0x4800001C,0x38000001,0x38000001,0x38600001</value>
      </hack>
      <hack>
        <id>h15</id>
        <titre>Region Free GC Games (no VM Patch)</titre>
        <offset>0x8137C930,0x8137C934</offset>
        <value>0x900DA5D8,0x38000032</value>
      </hack>
      <hack>
        <id>h16</id>
        <titre>Region Free Channels</titre>
        <offset>0x815560FC,0x815595A8,0x815565E4,0x813B53DC</offset>
        <value>0x60000000,0x4E800020,0x38000001,0x48000028</value>
      </hack>
      <hack>
        <id>h17</id>
        <titre>Force Disc Region to Wii Region</titre>
        <offset>0x8137CC0C,0x8137CC30,0x8137CB68,0x8137CB6C</offset>
        <value>0x4800001C,0x60000000,0x3C608000,0x936300CC</value>
      </hack>
      <hack>
        <id>h18</id>
        <titre>Blackscreen at Wii System Menu startup!</titre>
        <offset>0x81379D30</offset>
        <value>0x60000000</value>
      </hack>
    </sysmenu>
  </region>
  <region>
    <versionR>KOR</versionR>
    <sysmenu>
      <versionS>4.3</versionS>
      <numS>518</numS>
      <hack>
        <id>h12</id>
        <titre>Replace Health Screen with Backmenu</titre>
        <offset>0x8162D7BC</offset>
        <value>0x81409890</value>
      </hack>
      <hack>
        <id>h12</id>
        <titre>Auto-Press A at Health Screen</titre>
        <offset>0x813BD008</offset>
        <value>0x48000034</value>
      </hack>
      <hack>
        <id>h2</id>
        <titre>Block Disc Updates</titre>
        <offset>0x8137EB00,0x8137EB04,0x8137EAA8,0x8137EAAC</offset>
        <value>0x60000000,0x60000000,0x60000000,0x60000000</value>
      </hack>
      <hack>
        <id>h3</id>
        <titre>Block Online Updates</titre>
        <offset>0x81665F90</offset>
        <value>0x6E756C6C</value>
      </hack>
      <hack>
        <id>h6</id>
        <titre>No System Menu Background Music</titre>
        <offset>0x8136A750</offset>
        <value>0x4E800020</value>
      </hack>
      <hack>
        <id>h7</id>
        <titre>No System Menu Sounds at all</titre>
        <offset>0x8136A724</offset>
        <value>0x4E800020</value>
      </hack>
      <hack>
        <id>h5</id>
        <titre>Move Disc Channel</titre>
        <offset>0x813AF64C</offset>
        <value>0x60000000</value>
      </hack>
      <hack>
        <id>h4</id>
        <titre>Remove NoCopy Save File Protection</titre>
        <offset>0x813C50D8,0x813C50DC,0x8134D720,0x8159CA44,0x8135341C,0x8134D724,0x8134D728,0x8134D72C,0x8134D730</offset>
        <value>0x7C000000,0x4182001C,0x7C000000,0x38600001,0x3BE00000,0x801C0024,0x5400003C,0x901C0024,0x48000018</value>
      </hack>
      <hack>
        <id>h10</id>
        <titre>Recovery Mode (DISABLE below hack first)</titre>
        <offset>0x8137A1E0,0x81378E2C</offset>
        <value>0x48000020,0x60000000</value>
      </hack>
      <hack>
        <id>h9</id>
        <titre>Recovery Mode (D-Pad Up 4th GC)</titre>
        <offset>0x8137A1F8,0x81378E2C</offset>
        <value>0x2C000002,0x60000000</value>
      </hack>
      <hack>
        <id>h29</id>
        <titre>Region Free EVERYTHING</titre>
        <offset>0x8137CE30,0x8137CE38,0x8137CE3C,0x8137D0F4,0x8137D114,0x8137D968,0x8137F728,0x813B6374,0x81507E5C,0x81508344,0x8150B308</offset>
        <value>0x38000001,0x900DA5D8,0x38000032,0x38000001,0x4800001C,0x60000000,0x38600001,0x48000028,0x60000000,0x38000001,0x4E800020</value>
      </hack>
      <hack>
        <id>h1</id>
        <titre>No-Delete HAXX,JODI,DVDX,DISC,DISK,RZDx</titre>
        <offset>0x81333A9C</offset>
        <value>0x60000000</value>
      </hack>
      <hack>
        <id>h30</id>
        <titre>Force Wifi Connection Test Failure</titre>
        <offset>0x81628460</offset>
        <value>0x746C642F</value>
      </hack>
      <hack>
        <id>h18</id>
        <titre>Blackscreen at Wii System Menu startup!</titre>
        <offset>0x8137A208</offset>
        <value>0x60000000</value>
      </hack>
      <hack>
        <id>h31</id>
        <titre>Freeze Wii at Healthscreen!</titre>
        <offset>0x8136A7C4</offset>
        <value>0x4E800020</value>
      </hack>
    </sysmenu>
    <sysmenu>
      <versionS>4.2</versionS>
      <numS>486</numS>
      <hack>
        <id>h1</id>
        <titre>Disable HAXX,DVDX,RZDx Checks</titre>
        <offset>0x81333A9C</offset>
        <value>0x60000000</value>
      </hack>
      <hack>
        <id>h2</id>
        <titre>Block Disc Updates</titre>
        <offset>0x8137E950,0x8137E954,0x8137E8F8,0x8137E8FC,0x8137E850,0x8137E854</offset>
        <value>0x60000000,0x60000000,0x60000000,0x60000000,0x60000000,0x60000000</value>
      </hack>
      <hack>
        <id>h3</id>
        <titre>Block Online Updates</titre>
        <offset>0x816643F0</offset>
        <value>0x6E756C6C</value>
      </hack>
      <hack>
        <id>h4</id>
        <titre>Remove NoCopy Save File Protection</titre>
        <offset>0x813C49A4,0x813C49A8,0x8134D6F8,0x8159B388,0x813533F4,0x8134D708,0x8134D70C,0x8134D710,0x8134D714</offset>
        <value>0x7C000000,0x4182001C,0x7C000000,0x38600001,0x3BE00000,0x801C0024,0x5400003C,0x901C0024,0x48000018</value>
      </hack>
      <hack>
        <id>h5</id>
        <titre>Move Disc Channel</titre>
        <offset>0x813AEF40</offset>
        <value>0x60000000</value>
      </hack>
      <hack>
        <id>h6</id>
        <titre>No System Menu Background Music</titre>
        <offset>0x8136A5B8</offset>
        <value>0x4E800020</value>
      </hack>
      <hack>
        <id>h7</id>
        <titre>No System Menu Sounds at all</titre>
        <offset>0x8136A58C</offset>
        <value>0x4E800020</value>
      </hack>
      <hack>
        <id>h8</id>
        <titre>No System Menu Sounds (Channel BGM)</titre>
        <offset>0x8136A604</offset>
        <value>0x4E800020</value>
      </hack>
      <hack>
        <id>h9</id>
        <titre>Recovery Mode (D-Pad Up 4th GC)</titre>
        <offset>0x8137A060,0x81378C94</offset>
        <value>0x2C000008,0x60000000</value>
      </hack>
      <hack>
        <id>h10</id>
        <titre>Force Standard Recovery Mode</titre>
        <offset>0x8137A048</offset>
        <value>0x48000020</value>
      </hack>
      <hack>
        <id>h11</id>
        <titre>Remove Diagnostic Disc Check</titre>
        <offset>0x0x81378C94</offset>
        <value>0x60000000</value>
      </hack>
      <hack>
        <id>h12</id>
        <titre>Auto-Press A at Health Screen</titre>
        <offset>0x813BC8D4</offset>
        <value>0x48000034</value>
      </hack>
      <hack>
        <id>h12</id>
        <titre>Replace Health Screen with Backmenu</titre>
        <offset>0x8162BEBC</offset>
        <value>0x8140915C</value>
      </hack>
      <hack>
        <id>h13</id>
        <titre>Force Disc Games to run under IOS249</titre>
        <offset>0x8137B110,0x8137B114</offset>
        <value>0x3B200001,0x3B0000F9</value>
      </hack>
      <hack>
        <id>h14</id>
        <titre>Region Free Wii Games</titre>
        <offset>0x8137CF7C,0x8137CF5C,0x8137CC98,0x8137F018,0x8137D7D0</offset>
        <value>0x4800001C,0x38000001,0x38000001,0x38600001,0x60000000</value>
      </hack>
      <hack>
        <id>h15</id>
        <titre>Region Free GC Games (No VM Patch)</titre>
        <offset>0x8137CCA0,0x8137CCA4</offset>
        <value>0x900DA5D8,0x38000032</value>
      </hack>
      <hack>
        <id>h16</id>
        <titre>Region Free Channels</titre>
        <offset>0x81506840,0x81509CEC,0x81506D28,0x813B5C68</offset>
        <value>0x60000000,0x4E800020,0x38000001,0x48000028</value>
      </hack>
      <hack>
        <id>h18</id>
        <titre>Blackscreen at Wii System Menu startup!</titre>
        <offset>0x8137A070</offset>
        <value>0x60000000</value>
      </hack>
    </sysmenu>
  </region>  
</hacklist>