<?xml version="0.9" encoding="UTF-8" standalone="yes"?>
<app version="1">
	<name>AnyTitle Deleter DB</name>
	<coder>tona, MrClick</coder>
	<version>1.0 v3</version>
	<release_date>200903210000</release_date>
	<short_description>Delete titles and tickets</short_description> 
	<long_description>
This application deletes (almost) any title and its ticket from your Wii.
The original AnyTitle Deleter was written by tona.
Red Squirrel created the database to identify the titles not just by their ID but by their full name.
MrClick added the database support to make deleting titles as comprehensive as possible.
Use this application to add new or unknown titles to the database.
	</long_description> 
</app>

