<?xml version="1.0" encoding="UTF-8" standalone="yes"?>
	<app version="1">
		<name>Automatii</name>
		<coder>Gabriel Barros</coder>
		<version>1.2</version>
		<release_date>200811291708-0300</release_date>
		<short_description>Game Of Life</short_description>
		<long_description>Celular Automata Simulation.

Controls:
---------
ROLL WIIMOTE
		roll camera
PITCH WIIMOTE
		zoom (point forward for no zoom.
		down for zoom in.
		up for zoom out)
[-] or [&lt;-]
		Stop camera
[+] or [-&gt;]
		Resume camera control
HOME BUTTON
		Return to loader (exit)

--
Gabriel Barros
</long_description>
	</app>
