<?xml version="1.0" encoding="UTF-8" standalone="yes"?>
<app version="0.3">
	<name>BootMii Config Editor</name>
	<version>2.2</version>
        <release_date>200907272330</release_date>
	<coder>Pembo</coder>
	<short_description>Edit bootmii settings</short_description>
	<long_description>Allows you to modify the video, autoboot, and bootdelay options from the BootMii ini file (sd:/bootmii/bootmii.ini) directly on the wii.

For development information of BootMii configuration Editor
See http://www.pembo.co.uk

For more information about bootmii 
See http://www.bootmii.org
</long_description>
</app>
