<?xml version="1.0" encoding="UTF-8" standalone="yes"?>
<app version="1">
  <name>Priiloader</name>
  <coder>DacoTaco, traduit par yatsukomi</coder>
  <version>0.7 FRA plus</version>
  <release_date>20101102100000</release_date>
  <short_description>Mod de preloader</short_description> 
  <long_description>
  Priiloader est une modification de preloader.
  
  Changelog :
      Traduction française
	  Ajout de la fonctionnalité de redirection vers le menu wii en cas d'échec avec Bootmii IOS
  </long_description> 
  <no_ios_reload/>
</app>
