<?xml version="0.9" encoding="UTF-8" standalone="yes"?>
<app version="1">
	<name>AnyTitle DeleterDB</name>
	<coder>tona, MrClick</coder>
	<version>1.0 v1</version>
	<short_description>Delete titles and tickets</short_description> 
	<long_description>
This application deletes (almost) any title and its ticket from your Wii.
The original AnyTitleDeleter was written by tona.
Red Squirrel created the database to identify the titles not just by their ID but by their full name.
MrClick added the database support to make deleting titles as comprehensive as possible.
	</long_description> 
</app>

