<?xml version="1.0" encoding="UTF-8" standalone="yes"?>
<app version="1">
	<name>Homebrew Browser</name>
	<coder>teknecal</coder>
	<version>0.2.5d</version>
	<release_date>200904060000</release_date>
	<short_description>Browse homebrew apps</short_description>
	<long_description>The Homebrew Browser allows you to download the latest homebrew applications and games all through your Wii. You don't need to take your SD card out. You don't even need a computer! You can also delete homebrew you no longer want.

No more dead links, no more extracting files, no more finding out that the homebrew application doesn't include an icon.png and meta.xml in the zip file! 

Icons:
Green Tick - You have the latest version of that homebrew application installed.
Yellow Tick - You don't have the latest version of that homebrew application installed.

Controls:
A Button = Click Button
B Button = Cancel Download
D Pad Left/Right = Change category
Minus/Plus Button = Previous or Next 6 homebrew applications
Home Button = Menu
Hold Home Button down = Return to loader

Author:
teknecal (teknecal@gmail.com) - www.codemii.com
Graphics by LowLines

History:
6 April 2009 (v0.2.5d)
- Uses domain www.codemii.com to connect instead of an IP address

17 March 2009 (v0.2.5c)
- Fixed issue with utilities section that was causing it to be empty
- Fixed zip progress issue

24 January 2009 (v0.2.5b)
- Keep retrying networking initialisation
- Now shows the progress when extracting the zip files (thanks Tantric)
- Detects the ftpii directory when using a password like ftpii_mypass
- Keep meta.xml name when updating if it has been edited
- Added more error checking when updating HBB, if updating fails it reverts back to the previous version
- Media category becoming unavailable should now be fixed
- Fixed controller screen to display accurate Dpad information

19 December 2008 (v0.2.5a)
- Fixed XML issue which caused a code dump.
- Added update text so it now tells you what's new before you update

13 December 2008 (v0.2.5)
- Changed blue tick to yellow tick so it can be seen easier
- Made help and controls window larger
- Free space is now shown at the bottom right of screen
- Added menu when pressing home, can go into settings, reboot the wii or return to loader. Hold the home button to return to loader at any time.
- Added settings which allow you to change when the image files are downloaded; either at startup or on-demand. Can enable or disable the free space text.
- Added update all applications feature. You access this when clicking on the SD card icon. Once you are shown your applications, the SD card icon changes to an update icon which you can click.

9 November 2008 (v0.2.4)
- Able to view currently installed applications
- Fixed bug in downloading and removing applications which affected uno and may have affected other applications
- Retries increased to 10 times with a longer pause in-between
- Able to reboot the Wii by holding B and pressing Home
- Detects if you have a .elf version of any application and lets you update that application
- Now uses zip files which means download sizes are reduced (thanks Tantric)
- Added SDHC support
- Detects if HBB icon or meta file exist, if they don't then it downloads them

Credits:
LowLines for the Homebrew Browser logo, HBC icon and all other graphics
joedj - Used ftpii source for network read and write
Tantric - Used unzip library
NoNameNo and RedShade - used GRRLIB
Thanks to all the Wii homebrew developers and HBC icon creators
Thanks to all the testers</long_description>
</app>