<?xml version="1.0" encoding="UTF-8" standalone="yes"?>
<app version="1">
	<name>Homebrew Browser</name>
	<coder>teknecal</coder>
	<version>0.3</version>
	<release_date>200904120000</release_date>
	<short_description>Browse homebrew apps</short_description>
	<long_description>The Homebrew Browser allows you to download the latest homebrew applications and games all through your Wii. You don't need to take your SD card out. You don't even need a computer! You can also delete homebrew you no longer want.

No more dead links, no more extracting files, no more finding out that the homebrew application doesn't include an icon.png and meta.xml in the zip file! 

Icons:
Green Tick - You have the latest version of that homebrew application installed.
Yellow Question Mark - You might not have the latest version of that homebrew application installed.

Controls:
A Button = Click Button
B Button = Cancel Download or Extracting
Hold B button - Move the Wiimote up and down to scroll through the list quickly
D Pad Left/Right = Change category
D Pad Up/Down = Scroll up and down the list slowly
Minus/Plus Button = Remove/Add application to download queue
Home Button = Menu
Hold Home Button down = Return to loader
1 Button = Work offline

Author:
teknecal (teknecal@gmail.com) - www.codemii.com
Graphics by DayDreamOz (www.spriteattack.com)

History:
12 April 2009 (v0.3)
- Brand new GUI (thanks DayDreamOz)
- Ability to scroll through applications without waiting to download images (images loading or being downloaded will show as "Image not found")
- Images downloaded in the background
- Much more information on applications which includes a longer description, author, version, size, date, SDHC support and controllers supported
- Shows the total amount of downloads for each application
- Ability to rate applications and shows an average rating
- Ability to queue applications for download in a download queue and download all at once
- Ability to sort applications by date, rating and download count
- Added background music (off by default, change loop.mod with your own music if you like)
- Uses threads
- Ability to move the cursor once downloading or extracting
- Ability to cancel extracting process
- Ability to work offline (by pressing the 1 Button when HBB is initialising the network)
- Ability to hide installed applications from the lists
- Checks for SD card to make sure there is enough free space before downloading each application
- Settings now include show SD card space, check free space, hide installed applications, retreive my rating, background music, rumble, update icon and offline mode
- Added lots of help screens
- Added widescreen support (thanks Cashman)
- Checks that server connected to is really www.codemii.com
- Downloads all image files before loading HBB v0.3 the first time to make things faster

6 April 2009 (v0.2.5d)
- Uses domain www.codemii.com to connect instead of an IP address

17 March 2009 (v0.2.5c)
- Fixed issue with utilities section that was causing it to be empty
- Fixed zip progress issue

Credits:
LowLines for the Homebrew Browser v0.2.x graphics including logo, HBC icon and all other graphics
joedj - ftpii source for network read and write
NoNameNo &amp; Redshare - GRRLIB (3.0)
Tantric - Unzip library
All the Wii homebrew developers and icon artists
All the people who tested the HBB revisions
Team Twiizers, #wiidev &amp; #wiihelp

Misc:
Want to be notified when applications are updated?
Add hbb@codemii.com to your Wii address book
For more information about HBB and developments visit: www.codemii.com

Visit the homebrew developers on IRC at irc.efnet.org at #wiidev
Need help with running homebrew on your Wii? Visit #wiihelp</long_description>
</app>