<?xml version="1.0" encoding="UTF-8" standalone="yes"?>
	<app version="1.1">
		<name>BALANCE BOARD PRO</name>
		<coder>Paul Craven</coder>
		<version>1.1</version>
		<release_date>---</release_date>
		<short_description>"Weigh" cool tools!</short_description>
		<long_description>
A full-featured toolset for use with the Wii Balance Board.

FEATURES INCLUDE:
- High-quality GUI for easy navigation.
- WiiMote cursor navigation.
- Nice background music and sound effects to enhance your weighing pleasure.
- Zero/Calibrate the scale with the press of a button.
- Fine-tuner button to lock onto precise readings, accurate at two decimal places.
- Three precise, dynamic weighing modes:
  - Center of Gravity with target practice option.  Get a bull's-eye to clear the targets!
  - Weight display in analog and digital formats in both KG and LB, and with a rotary scale option.
  - Pro Board that features center of gravity cursor, total weight, and readouts of all four Balance Board sensors in both KG and LB so you can more accurately see how weight is centered and moved around.
- Overweight warning.
- Board indicator icon.

		</long_description>
	</app>