<?xml version="1.0" encoding="UTF-8" standalone="yes"?>
	<app version="1">
	<name>Leveltool</name>
	<coder>Alanceil</coder>
	<version>0.5</version>
	<release_date>20090121003900</release_date>
	<short_description>A level tool</short_description>
	<long_description>Missing a spirit level at home, I decided to use the Wiimote as a replacement.
Over time, this tool evolved to something more like a protractor.
	
Usage:
Put the wiimote on a surface you want to use as a reference and press A.
This will start a calibration for minimum and maximum values of your Wiimote,
afterwards you can put it on a target surface to see the difference in inclination.

Changelog:

v0.5:
- Chg: Slightly adjusted maximum value
  to reduce flickering near 90 degrees.
- Chg: GRRlib is now responsible for
  all drawing needs. (Which means:
  more eye-candy)
- Add: Raw acceleration values in the
  debug info text
- Add: Freeze function on pressing Plus
  to freeze current values - this is 
  interesting if you cannot see your
  screen.
  
v0.4:
- Chg: Median instead of arithmetic mean
  is now used to get calibration values,
  this should increase accuracy
- Chg: Message class now handles text
  drawing
- Add: Internal info on pressing B in the
  slider box screen.
- Add: Arc graph showing current tilt

v0.3:
- Fix: Leftover cursor pixel from
  previous tests removed
- Chg: Measuring is done in degrees
- Chg: Verbosity of calibration screen
  decreased
- Add: Detection if Wiimote #1 is up and
  running
- Add: Pictures
- Add: Calibration for maximum value on
  the wiimote when standing upright.
  These things are so unprecise :-/

v0.2:
- First public release

Credits and thanks:
  - suw for the background image
    (http://www.gnome-look.org/content/
    show.php/?content=96640)
  - Marcan for the Wiimote axis drawing
    on the wiibrew.org wiki
  - frontier for PNGU
  - Crayon for Wiibuilder
  - Teknecal for his tutorials
  - The devkitPro developers
  - the GRRLIB developers
 	
Greetings to wiiwillrockyou.de and the users of www.wii-homebrew.com.
Released under the terms of the GNU GPLv3. See LICENSE.txt for more info.</long_description>
</app>