<?xml version="1.0" encoding="UTF-8" standalone="yes"?>
<app version="1">
  <name>WAD Manager</name>
  <coder>Waninkoko</coder>
  <version>1.7</version>
  <release_date>Unknown</release_date>
  <short_description>Install/Uninstall WAD Files</short_description>
  <long_description>Wad Manager is an application that allows the (un)installation of packages in WAD format (Homebrew and official packages, such as Virtual Console and WiiWare games). It allows the browsing of a storage device to work with the available WAD files in it.
  </long_description>
</app>

